{
  "meta": {
    "model": "Qwen/Qwen3-Embedding-0.6B",
    "batch_size": 64,
    "query_prefix": "",
    "doc_prefix": "",
    "n_docs": 100,
    "n_queries": 100,
    "encode_seconds_total": 0.9251790046691895
  },
  "overall": {
    "n": 100,
    "mrr@5": 0.9620000000000001,
    "map@1": 0.95,
    "map@5": 0.9620000000000001
  }
}