{
  "meta": {
    "model": "intfloat/multilingual-e5-large",
    "batch_size": 64,
    "query_prefix": "query: ",
    "doc_prefix": "passage: ",
    "n_docs": 100,
    "n_queries": 100,
    "encode_seconds_total": 1.7842228412628174
  },
  "overall": {
    "n": 100,
    "mrr@5": 0.4836666666666667,
    "map@1": 0.38,
    "map@5": 0.4836666666666667
  }
}